DROP TABLE MEM;
DROP TABLE MEM_CHECK;
DROP TABLE MEM_GRADE;
DROP TABLE MEM_NOTNULL;
DROP TABLE MEM_PRI2;
DROP TABLE MEM_PRI;
DROP TABLE MEM_UNIQUE;
DROP TABLE MEMBER;
DROP TABLE TB_LIKE;

--실습문제 --
--도서관리 프로그램을 만들기 위한 테이블들 만들기--
--이때, 제약조건에 이름을 부여할 것
--   각 컬럼에 주석달기

DROP TABLE TB_MEMBER;
DROP TABLE TB_BOOK;
DROP TABLE TB_PUBLISHER;

/*
    1. 출판사들에 대한 데이터를 담기위한 출판사 테이블(TB_PUBLISHER)
    컬럼 : PUB_NO(출판사 번호) - 기본키(PUBLISHER_PK)
          PUB_NAME(출판사명) -- NOT NULL(PUBLISHER_NN)
          PHONE(출판사전화번호) -- 제약조건없음
*/
CREATE TABLE TB_PUBLISHER(
    PUB_NO NUMBER CONSTRAINT PUBLISHER_PK PRIMARY KEY,
    PUB_NAME VARCHAR2(50) CONSTRAINT PUBLISHER_NN NOT NULL,
    PHONE VARCHAR2(13)
);

COMMENT ON COLUMN TB_PUBLISHER.PUB_NO IS '출판사 번호';
COMMENT ON COLUMN TB_PUBLISHER.PUB_NAME IS '출판사명';
COMMENT ON COLUMN TB_PUBLISHER.PHONE IS '출판사전화번호';

--샘플 3개정도 생성
INSERT INTO TB_PUBLISHER VALUES(1, 'KH', '010-1234-5678');
INSERT INTO TB_PUBLISHER VALUES(2, '길벗', '010-3333-5678');
INSERT INTO TB_PUBLISHER VALUES(3, '위키백서', '010-2222-5678');

SELECT * FROM TB_PUBLISHER;

/*
    2. 도서들에 대한 데이터를 담기위한 도서 테이블(TB_BOOK)
    컬럼 : BK_NO(도서번호)--기본키(BOOK_PK)
          BK_TITLE(도서명)--NOT NULL(BOOK__NN_TITLE)
          BK_AUTHOR(저자명)--NOT NULL(BOOK__NN_AUTHOR)
          BK_PRICE(가격)-- 제약조건없음
          BK_PUB_NO(출판사 번호)--외래키(BOOK_FK)(TB_PUBLISHER테이블을 참조)
                                이때 참조하고 있는 부모데이터 삭제시 자식데이터도 삭제 되도록 옵션지정
                                
*/
CREATE TABLE TB_BOOK(
    BK_NO NUMBER CONSTRAINT BOOK_PK PRIMARY KEY,
    BK_TITLE VARCHAR2(30) CONSTRAINT BOOK__NN_TITLE NOT NULL,
    BK_AUTHOR VARCHAR2(20) CONSTRAINT BOOK__NN_AUTHOR NOT NULL,
    BK_PRICE NUMBER,
    BK_PUB_NO NUMBER,
    CONSTRAINT BOOK_FK FOREIGN KEY (BK_PUB_NO) REFERENCES TB_PUBLISHER(PUB_NO) ON DELETE CASCADE
);

--5개 정도의 샘플 데이터 추가하기
INSERT INTO TB_BOOK VALUES(100, '자바정복기', '최지원', 1000000, 1);
INSERT INTO TB_BOOK VALUES(101, '자바정복기2', '최지원', 1000000, 1);
INSERT INTO TB_BOOK VALUES(102, '자바정복기3', '최지원', 2000000, 2);
INSERT INTO TB_BOOK VALUES(103, '자바정복기4', '최지원', 3000000, 3);
INSERT INTO TB_BOOK VALUES(104, '자바정복기5', '최지원', 3000000, 3);

SELECT * FROM TB_BOOK;

/*
    3. 회원에 대한 데이터를 담기위한 회원 테이블(TB_MEMBER)
    컬럼명 : MEMBER_NO(회원번호) -- 기본키(MEMBER_PK)
            MEMBER_ID(아이디) -- 중복금지(MEMBER_UQ_ID)
            MEMBER_PWD(비밀번호) -- NOT NULL(MEMBER_NN_PWD)
            MEMBER_NAME(회원명) -- NOT NULL(MEMBER_NN_NAME)
            GENDER(성별) -- M또는 F로 입력되도록 제한(MEMBER_CK_GEN)
            ADDRESS(주소) -- 제약조건없음
            PHONE(연락처)-- 제약조건없음
            STATUS(탈퇴여부) -- 기본값을 N으로 지정, 그리고 N또는 Y만 입력되도록 제약조건 설정(MEMBER_CK_STA)
            ENROLL_DATE(가입일) -- 기본값으로 SYSDATE, NOT NULL 제약조건(MEMBER_NN_EN)
*/

CREATE TABLE TB_MEMBER(
    MEMBER_NO NUMBER CONSTRAINT MEMBER_PK PRIMARY KEY,
    MEMBER_ID VARCHAR2(20) CONSTRAINT MEMBER_UQ_ID UNIQUE NOT NULL,
    MEMBER_PWD VARCHAR2(20) CONSTRAINT MEMBER_NN_PWD NOT NULL,
    MEMBER_NAME VARCHAR2(15) CONSTRAINT MEMBER_NN_NAME NOT NULL,
    GENDER CHAR(1) CONSTRAINT MEMBER_CK_GEN CHECK(GENDER IN ('M','F')),
    ADDRESS VARCHAR2(50),
    PHONE CHAR(13),
    STATUS CHAR(1) DEFAULT 'N' CONSTRAINT MEMBER_CK_STA CHECK(STATUS IN ('N','Y')),
    ENROLL_DATE DATE DEFAULT SYSDATE CONSTRAINT MEMBER_NN_EN NOT NULL
);
--5개 정도의 샘플 데이터 추가하기
INSERT INTO TB_MEMBER VALUES(200, 'USER01','PASS01', '최지원', 'M', NULL, NULL, DEFAULT, DEFAULT);
INSERT INTO TB_MEMBER VALUES(201, 'USER02','PASS01', '최지투', 'M', NULL, NULL, DEFAULT, DEFAULT);
INSERT INTO TB_MEMBER VALUES(202, 'USER03','PASS01', '최지쓰리', 'M', NULL, NULL, DEFAULT, DEFAULT);
INSERT INTO TB_MEMBER VALUES(203, 'USER04','PASS01', '최지포', 'M', NULL, NULL, DEFAULT, DEFAULT);
INSERT INTO TB_MEMBER VALUES(204, 'USER05','PASS01', '최지파이브', 'M', NULL, NULL, DEFAULT, DEFAULT);
SELECT * FROM TB_MEMBER;

/*
    4.어떤 회원이 어떤 도서를 대여했는지에 대한 대여목록 테이블(TB_RENT)
    컬럼명 : RENT_NO(대여번호)-- 기본키(RENT_PK)
            RENT_MEM_NO(대여회원번호)-- 외래키(RENT_FK_MEM) TB_MEMBER와 참조하도록
                                        이때 부모 데이터 삭제시 자식데이터 값이 NULL이 되도록 지정
            RENT_BOOK_NO(대여도서번호)-- 외래키(RENT_FK_BOOK) TB_BOOK와 참조하도록
                                        이때 부모 데이터 삭제시 자식데이터 값이 NULL이 되도록 지정
            RENT_DATE(대여일) -- 기본값 SYSDATE
*/

CREATE TABLE TB_RENT(
    RENT_NO NUMBER CONSTRAINT RENT_PK PRIMARY KEY,
    RENT_MEM_NO NUMBER,
    RENT_BOOK_NO NUMBER,
    RENT_DATE DATE DEFAULT SYSDATE,
    CONSTRAINT RENT_FK_MEM FOREIGN KEY (RENT_MEM_NO) REFERENCES TB_MEMBER ON DELETE SET NULL,
    CONSTRAINT RENT_FK_BOOK FOREIGN KEY (RENT_BOOK_NO) REFERENCES TB_BOOK ON DELETE SET NULL
);

--3개 정도의 샘플 데이터 추가하기
INSERT INTO TB_RENT VALUES(300, 200, 100, DEFAULT);
INSERT INTO TB_RENT VALUES(301, 201, 101, DEFAULT);
INSERT INTO TB_RENT VALUES(302, 202, 102, DEFAULT);

SELECT * FROM TB_RENT;

SELECT * 
FROM TB_RENT
JOIN TB_MEMBER ON(RENT_MEM_NO = MEMBER_NO)
JOIN TB_BOOK ON(RENT_BOOK_NO = BK_NO);



